21260094,M4
20466627,M4
21161023,M1
19974087,P
20368455,P
20861800,M5
21344871,M8
21188873,M3
21271734,M5
21121704,P
19580647,M9
21321177,M7
21511439,M9
21223363,M4
20484669,M6
19302351,P
21103393,P
20510486,M7
21333939,M8
21161437,M1
20449675,M4
20554637,M8
19335811,M3
21415806,M9
21239260,M4
21277033,M5
21170497,M1
21114113,P
21274137,M5
20935926,M8
21173821,M1
21156149,P
20859865,M5
20836565,M4
21057174,M9
20754327,P
21443379,M9
20443839,M4
21502634,M9
21126816,P
21189957,M3
19731820,M5
20971701,M8
21223151,M4
21329262,M8
21459468,M9
21438707,M9
21286085,M6
21115125,P
19805967,M8
